input_data,predict,answer
G M A E F D A V T A F A D A P A A V L S T L N A D G A P H L V P V V F A V H V P H V E G Q P A R I Y T A V D A K R K T T R N L R R L A N I D R D S R V S L L V D H Y S D D W T Q L W W V R A D G V A T T H H S G D E V A T G Y A L L R A K Y H Q Y E R V S L D G P V I S V E V S R W A S W Q A, # # # # # # # # # # # # # # # # # # # # # # # # # # # # # # # # # # # # # # # # # # # # # # # # # # # # # # # # # # # # # # # # # # # # # # # # # # # # # # # # # # # # # # # # # # # # # # # # # # # # # # # # # # # # # # # # # # # # # # H H H H H H H H H H H H H H H H H H H H H H H H H H H H H H H,# # # # # H H H H H H H H H # # S S S S S S # # # # # S S S S S S # # S S S # # # # # # # # # S S S S S # # # # # # # # # H H H H H H H H H H H # S S S S S S S S # # # H H H H # S S S S S S S S S S S S # # H H H H H H H H H H H H H H H H H H H H # # # # # # S S S S S S S S S S S S S #
M K K I A N Y L L I E K T D D R Y T I S M T P E L Q D D I G T I G Y A E F T D N D H L A V D D I I L N L E A S K T V M S V L S P L A G A V V E R N E A A T L T P T L L N S E K A E E N W I V V L T D V D Q A A F D A L E D A G S G H H H H H H H, # # # # # # # # # # # # # # # # # # # # # # # # # # # # # # # # # # # # # # # # # # # # # # # # # # # # # # # # # # # # # # # # # # # # # # # # # # # # # # # # # # # # # # # # # # # # # # # # # # # # # H H H H H H H H H H H H H H H H H H H H H H H H H,# S S S S # # S S S S S S # # S S S S S S H H H H H H H H H # S S S S S S # # # # S S # # # # S S S S S S S # # # S S S S S # # # # S S S S S S # H H H H H H H H H H H H # H H H H H S S S S S S # # H H H H H H H # S S # # # # # # # # # # #
L V E N V K Q A L F I P G Q S C N K N L H D I M V D L S A L K K P D M K R F N R K N D I H P F E D M S P L E F F S E K N D C S L M V L M T S S K K R K N N M T F I R T F G Y K I Y D M I E L M V A D N F K L L S D F K K L T F T V G L K P M F T F Q G A A F D T H P V Y K Q I K S L F L D F F R G E S T D L Q D V A G L Q H V I S M T I Q G D F Q D G E P L P N V L F R V Y K L K S Y K S D Q G G K R L P R I E L V E I G P R L D F K I G R I H T P S P D M V T E A H K K P, # # # # # # # # # # # # # # # # # # # # # # # # # # # # # # # # # # # # # # # # # # # # # # # # # # # # # # # # # # # # # # # # # # # # # # # # # # # # # # # # # # # # # # # # # # # # # # # # # # # # # # # # # # # # # # # # # # # # # # # # # # # # # # # # # # # # # # # # # # # # # # # # # # # # # # # # # # # # # # # # # # # # # # # # # # # # # # # # # # # # # # # # # # # # # # # # # # # # # # # # # # # # # # # # # # # # # # # # # # # # # # ,# # # # # # # S S S S S # # # # H H H H H H H H H H H H H H H H # # S S S # # # # # # # # # # # # H H H H H H H H H H H H # # S S S S S S # # # # # # # S S S S S S S S # # S S S S S S S S S S # # # # # H H H H H # # # # # # # # # # # S S S S S # H H H H H H H H H H H H H H H H H H H H H # # # # # S S S # H H H # S S S S S S S # # # # # # # # # # # # S S S S S S S S S S S # # # # # # # # # # S S S S S S # # # # S S S S S S S S S # # H H H H H H H H H # # #
M G S S H H H H H H S S G L V P R G S H M S N N V Y I T K V S A F M P G N P I D N N T M E S V L G F V G G R P S R S R H I V L R N N G I K Y R H Y A L D P E T G E A T Y T S A Q L A A E A V K G L V D E H F S L D D M Q S L A A S S G T S D Q I I P G H G V M V H G E L K N K P C E V I S T S G A C A A G M T A M K Y A Y L S V L S G A T S N A V S T T S E V P S T V L H A R N F Q S E N E A R V A E L E R R P E I A F E K D F L R W M L S D G A G A A L L E N K P R P D G V S L R I D W I D I Y S F A N E Q E T C M Y S G G E K L A D G S L K G W A Q M S Q A D W L A Y S V F C I K Q D V R Y L N E R V V K F T L T E P L R R I V A D R N L S S E S I D W F L P H Y S S E Y F R M K F S E G L D D I N F S I E Q E R W F T N L T V K G N T G S A S I Y I M L D E L M K S G K L K K D Q R L L C F I P E S A R F T G A F M H L T V V, # # # # # # # # # # # # # # # # # # # # # # # # # # # # # # # # # # # # # # # # # # # # # # # # # # # # # # # # # # # # # # # # # # # # # # # # # # # # # # # # # # # # # # # # # # # # # # # # # # # # # # # # # # # # # # # # # # # # # # # # # # # # # # # # # # # # # # # # # # # # # # # # # # # # # # # # # # # # # # # # # # # # # # # # # # # # # # # # # # # # # # # # # # # # # # # # # # # # # # # # # # # # # # # # # # # # # # # # # # # # # # # # # # # # # # # # # # # # # # # # # # # # # # # # # # # # # # # # # # # # # # # # # # # # # # # # # # # # # # # # # # # # # # # # # # # # # # # # # # # # # # # # # # # # # # # # # # # # # # # # # # # # # # # # # # # # # # # # # # # # # # # # # # # # # # # # # # # # # # # # # # # # # # # # # # # # # # # # # # # # # # # # # # # # # # # # # # # # # # # # # # # # # # # #,# # # # # # # # # # # # # # # # # # # # # # # # # S S S S S S S S # # # # # S S # # H H H H H H H # # # # # # # # H H H H H H H H H H # # S S # # # # # # # # # # # # # H H H H H H H H H H H H # # # # # # H H H H H # S S S S S # # # # # # # # # H H H H H H H H H H H # # # # S S S S S # # # # H H H H H H H H H H H H H H H H # # # # S S S S S S S S # H H H H H H H H H H H H H H H H H H H H # # # # # # # H H H H H H H H H H # # # S S S S S S S S # # # # # # # # S S S S S S S S S S S # # # # # # # # S S # # S S S # # # # # S S S # H H H H H H H H H H H # # # # # S S H H H H H H H H H H H H H H H H H H H H H H H H H H # H H H H H # S S S S # # # H H H H H H H H H H H H H H H # # # # H H H H H # # H H H H H H # H H H H H H H H H H H H H H H H # # # # # # # S S S S S S S S # # # # S S S S S S S S S S
M D N G E L I S I I V P V Y N V E K Y L K R C L D S L L R Q T Y K N F E I I L I N D G S T D N S S I I C E E Y A K I D N R I Q I L H Q T N A G P S A A R N A G I T Y A S G K Y I T F V D S D D F V E E F Y L E H L Y R A L V D N G S D I S V C N F N S F N E D R Q S F L F S I T K E K Y F C K N Y T I A E W M D L E S S A N N N L F L T F T F S P T K L F K A E L F E G I R F P L G R L R E D D A T I Y R L Y L K A S Q I T F I N E G S Y Y Y S Q R S E G L S R T R M L D D I S S M I S N A E E R I A L L A S M G Y D L T E Q I K S Y K G R L K K C C E D A L R N G Q I E L Y Q Q C C N K L D L I E N Y P K E K, # # # # # # # # # # # # # # # # # # # # # # # # # # # # # # # # # # # # # # # # # # # # # # # # # # # # # # # # # # # # # # # # # # # # # # # # # # # # # # # # # # # # # # # # # # # # # # # # # # # # # # # # # # # # # # # # # # # # # # # # # # # # # # # # # # # # # # # # # # # # # # # # # # # # # # # # # # # # # # # # # # # # # # # # # # # # # # # # # # # # # # # # # # # # # # # # # # # # # # # # # # # # # # # # # # # # # # # # # # # # # # # # # # # # # # # # # # # # # # # # # # # # # # # # # # # # # # # # # # # # # # # # # # # # # # # # # # # # # # # # # # # # # # # # # # # # # # # # # # # # # #,# # # # # # S S S S S S S # # # # # H H H H H H H H H H H # # # # # S S S S S S S # # # # # H H H H H H H H H H H # # # # S S S S S # # # # H H H H H H H H H H H H H # # # S S S S # # # # # S S # # H H H H H H H H H H H H # # # # S S S S S S S S S S # # # # S S S # # # H H H H H # S S S S H H H H H H # # # # # # # # # H H H H H # # # # # S S S S # H H H H # # # # # # # # # # # # # # H H H H H H H H H # # S S S S S S S S S S S S S # # # # # # # # # # # # H H H H H H H H H H H H H H H H H H H H # # H H H H H H H H H H H H H H H H H H H H H H # H H H H H H H H H H H H H H H H H H # # # #
G A M A L Y E F V G L L D A H G N V L E V N Q V A L E G G G I T L E E I R G K P F W K A R W W Q I S K K T E A T Q K R L V E T A S S G E F V R C D V E I L G K S G G R E V I A V D F S L L P I C N E E G S I V Y L L A E G R N I T D K K K A E A M L A L K N Q E L E, # # # # # # # # # # # # # # # # # # # # # # # # # # # # # # # # # # # # # # # # # # # # # # # # # # # # # # # # # # # # # # # # # # # # # # # # # # # # # # # # # # # # # # # # # # # # # # # # # # # # # # # # # # # # # # # H H H H H H H H H H H H H H H H H H H H H H H H H,H H H H H H # S S S S S S # # # # S S S S H H H H H H H H H # H H H H H H # # H H H H H H H H H # H H H H H H H H H H H H H H H H H # # # S S S S S S S S S S # # # # S S S S S S S S S S S S S # # # # # S S S S S S S S S S H H H H H H H H H H H H H # # # # # #
M G S S H H H H H H S S G L V P R G S H M L I F R Q L F D Q Q S S T Y T Y L L A D S T T R E A V L I D P V F E Q V R R D A A L I E E L G L H L L Y T I D T H V H A D H V T G A W M L N R R I G S R I A I S A A S G A E G A D R Y L S H G D K V E F G T R Y L T V R A T P G H T D G C I T L V L D N E T M A F T G D C L L I R G T G R T D F Q R G D A H T M F R A V H G Q I F T L P T A C L L Y P A H D Y R G L T V T S V G E E R R F N P R L G G E L C E E D F T G Y M T N L H L P H P K Q I D V A V P A N L K C G L A A S V P T Q M T E P D W A P L T C S F A G I W E I N A Q W L E E N L R A V E I V D V R E P E E F N G P L G R I P A A R L I S L G E L A G R T A E L T K D R P I V T V S R A G G R S A Q A T V M L R Q A G F E R V A N L P G G M L R W R A E G R V V E N G S V, # # # # # # # # # # # # # # # # # # # # # # # # # # # # # # # # # # # # # # # # # # # # # # # # # # # # # # # # # # # # # # # # # # # # # # # # # # # # # # # # # # # # # # # # # # # # # # # # # # # # # # # # # # # # # # # # # # # # # # # # # # # # # # # # # # # # # # # # # # # # # # # # # # # # # # # # # # # # # # # # # # # # # # # # # # # # # # # # # # # # # # # # # # # # # # # # # # # # # # # # # # # # # # # # # # # # # # # # # # # # # # # # # # # # # # # # # # # # # # # # # # # # # # # # # # # # # # # # # # # # # # # # # # # # # # # # # # # # # # # # # # # # # # # # # # # # # # # # # # # # # # # # # # # # # # # # # # # # # # # # # # # # # # # # # # # # # # # # # # # # # # # # # # # # # # # # # # # # # # # # # # # # # # # # # # # # # # # # # # # # # # #,# # # # # # # # # # # # # # # # # # # # # S S S S S S S S # # # # S S S S S S S S # # # # S S S S S # # H H H H H H H H H H H H H H H # # S S S S S S S # # # # # # # # # H H H H H H H H H # # S S S S S # H H H # # # # # S S S # # # # S S S S # # S S S S S S S # # # # # # # # S S S S S # # # # S S S S S # # S S # # S S # # # # # # # # H H H H H H H H H H H H H # # # # # # # S S S S # # # # # # # # # S S H H H H H H H H # # # # # # # H H H H H H H H H H # # # # # # # # H H H H H H H H H H H # # # # # # # # # # # # # # # # # # S S S # # # # # S S S H H H H H H H H # # # # S S S S # # H H H H H H # # # # # # # # # # # # H H H H H # # H H H H H # # # # # S S S S # # # # H H H H H H H H H H H H H # # # # S S S # # H H H H H H H H # # # # # # # # # #
M P S S S K S D F S F S T L I I P Q H Y L R A I L K V V S S S S V E V C G F L F G K E N R V L K V R F I R N R L N S P V E F E M D P E E M L K A L E E A E Q E N L E V V G I F H S H I A C P P I P S G K D L E G M K R W P V I W L I V N E K G E Y K A W I L S E K N K I S E V K I V V E, # # # # # # # # # # # # # # # # # # # # # # # # # # # # # # # # # # # # # # # # # # # # # # # # # # # # # # # # # # # # # # # # # # # # # # # # # # # # # # # # # # # # # # # # # # # # # # # # # # # # # # # # # # # # # # # # # # # # # # # # # # # # # # # # # # # # # # # # # # ,# # # # # # # # # # # # S S S S H H H H H H H H H H H H H H H # # # # S S S S S S S # # S S S S S S S S # # # # # # # # # # # # H H H H H H H H H H H H H H H # # S S S S S S S S S # # # # # # # H H H H H H H H H H H # # S S S S S S # # # # S S S S S S # # # # # S S S S S S S S #
G A M A A D L G S D D I S K L I A A C D Q E P I H I P N A I Q P F G A M L I V E K D T Q Q I V Y A S A N S A E Y F S V A D N T I H E L S D I K Q A N I N S L L P E H L I S G L A S A I R E N E P I W V E T D R L S F L G W R H E N Y Y I I E V E R Y H V Q T S N W F E I Q F Q R A F Q K L R N C K T H N D L I N T L T R L I Q E I S G Y D R V M I Y Q F D P E W N G R V I A E S V R Q L F T S M L N H H F P A S D I P A Q A R A M Y S I N P I R I I P D V N A E P Q P L H M I H K P Q N T E A V N L S S G V L R A V S P L H M Q Y L R N F G V S A S T S I G I F N E D E L W G I V A C H H T K P R A I G R R I R R L L V R T V E F A A E R L W L I H S R N V E R Y M V T V Q A A R E Q L S T T A D D K H S S H E I V I E H A A D W C K L F R C D G I G Y L R G E E L T T Y G E T P D Q T T I N K L V E W L E E N G K K S L F W H S H M L K E D A P G L L P D G S R F A G L L A I P L K S D A D L F S Y L L L F R V A Q N E V R T W A G K P E K L S V E T S T G T M L G P R K S F E A W Q D E V S G K S Q P W R T A Q L Y A A R D I A R D L L I V A D S M Q L N L L N D Q L A D A N E N L E K L A S F D D L T G I F N R R R M E D R L E S E V K E A Q R Y K K Q F G I L L F D L D K F K S V N D T Y G H N I G D Q I L Q N T C A A V S E T L R D T D K F G R W G G E E F L I I A P Q T G M P E L M Q L G E R V R A A V E K M Q H K D L P A V T I S I G V A E F Q N D T R W D H M I D R A D K A M Y R A K E N G R N Q V C S Q, # # # # # # # # # # # # # # # # # # # # # # # # # # # # # # # # # # # # # # # # # # # # # # # # # # # # # # # # # # # # # # # # # # # # # # # # # # # # # # # # # # # # # # # # # # # # # # # # # # # # # # # # # # # # # # # # # # # # # # # # # # # # # # # # # # # # # # # # # # # # # # # # # # # # # # # # # # # # # # # # # # # # # # # # # # # # # # # # # # # # # # # # # # # # # # # # # # # # # # # # # # # # # # # # # # # # # # # # # # # # # # # # # # # # # # # # # # # # # # # # # # # # # # # # # # # # # # # # # # # # # # # # # # # # # # # # # # # # # # # # # # # # # # # # # # # # # # # # # # # # # # # # # # # # # # # # # # # # # # # # # # # # # # # # # # # # # # # # # # # # # # # # # # # # # # # # # # # # # # # # # # # # # # # # # # # # # # # # # # # # # # # # # # # # # # # # # # # # # # # # # # # # # # # # # # # # # # # # # # # # # # # # # # # # # # # # # # # # # # # # # # # # # # # # # # # # # # # # # # # # # # # # # # # # # # # # # # # # # # # # # # # # # # # # # # # # # # # # # # # # # # # # # # # # # # # # # # # # # # # # # # # # # # # # # # # # # # # # # # # # # # # # # # # # # # # # # # # # # # # # # # # # # # # # # # # # # # # # # # # # # # # # # # # # # # # # # # # # # # # # # # # # # # # # # # # # # # # # # # # # # # # # # # # # # # # # # # # # # # # # # # # # # # # # # # # # # # # # # # # # # # # # # # # # # # # # # # # # # # # # # # # # # # # # # # #,# # # # # # # # # H H H H H H H H H H H H H # # # # # # S S # # # # S S S S S S # # # # # S S S S S # H H H H H H H # # # # # # # H H H H H H H H H H H H H H H H H H H H H H H H H # # # # # # S S S S # # # S S S S S S S S # # S S S S S S S S # # # # # # H H H H H H H H H H H H H H H H H # H H H H H H H H H H H H H H H H H H # # S S S S S S S # # # # # S S S S S S S S # # # # # # # # # S S S H H H H H H H H H H H # # # # # # S S S S # # # # # # # S S S S S # # # # # # # # # # # # # # # # # # # # H H H H H H H H H H H # # # S S S S S S S S S # # S S S S S S S S S S # # # # # # H H H H H H H H H H H H H H H H H H H H H H H H H H H H H H H H H H H H H H H H H H H H H H # # # H H H H H H H H H H H H H H H H H H # # S S S S S S # # S S S S S S # # # H H H H H H H H H H H H H H H # # # # # # S S S # H H H H H H # # # # # # # # # S S S S S S S S # # # # # # # # S S S S S S S S # # # # S S S S S # # # # # # S S S S # # S S S S # # # # # # # S S S S S # # # # # # # # H H H H H H H H H H H H H H H H H H H H H H H H H H H H H H H H H H H H H H H H H H H H # # # # # # # H H H H H H H H H H H H H H H H H H H H # # S S S S S S S S # H H H H H H H H H H H H H H H H H H H H H H H H H H H H H # # # # S S S S S S # # S S S S S S S # # H H H H H H H H H H H H H H H H H H H # # # # # # # # # S S S S S S S # # # # # H H H H H H H H H H H H H H H H H H H # # # # S S S #
M K I L K D D A P E L H A I A A E V P H G E D V K D L V L D M T A A M T A A G G I G L A G N Q V G V L K R I I V L R C P T F K G C V I N P I I T R H T D G H V Y S P E G C L S Y P G K T V A K K R R N K V V V E G Y D M D W Q P I T I A A K G L T A F C L Q H E I D H L N G V T I, # # # # # # # # # # # # # # # # # # # # # # # # # # # # # # # # # # # # # # # # # # # # # # # # # # # # # # # # # # # # # # # # # # # # # # # # # # # # # # # # # # # # # # # # # # # # # # # # # # # # # # # # # # # # # # # # H H H H H H H H H H H H H H H H H H H H H H H H H H H H H H H,# # # # # # # H H H H H H # # # # # # # # # # H H H H H H H H H H H H H H H # # # S S S # H H H H # # # # S S S S S S # # S S S S S S S S S S S S S # # # # S S S S S # # # # # # # # # S S S S S # # S S S S S S S # # # # # S S S S S S S H H H H H H H H H H H H H H H # # # #
M A Q I L P I R F Q E H L Q L Q N L G I N P A N I G F S T L T M E S D K F I C I R E K V G E Q A Q V V I I D M N D P S N P I R R P I S A D S A I M N P A S K V I A L K A G K T L Q I F N I E M K S K M K A H T M T D D V T F W K W I S L N T V A L V T D N A V Y H W S M E G E S Q P V K M F D R H S S L A G C Q I I N Y R T D A K Q K W L L L T G I S A Q Q N R V V G A M Q L Y S V D R K V S Q P I E G H A A S F A Q F K M E G N A E E S T L F C F A V R G Q A G G K L H I I E V G T P P T G N Q P F P K K A V D V F F P P E A Q N D F P V A M Q I S E K H D V V F L I T K Y G Y I H L Y D L E T G T C I Y M N R I S G E T I F V T A P H E A T A G I I G V N R K G Q V L S V C V E E E N I I P Y I T N V L Q N P D L A L R M A V R N N L A G A E E L F A R K F N A L F A Q G N Y S E A A K V A A N A P K G I L R T P D T I R R F Q S V P A Q P G Q T S P L L Q Y F G I L L D Q G Q L N K Y E S L E L C R P V L Q Q G R K Q L L E K W L K E D K L E C S E E L G D L V K S V D P T L A L S V Y L R A N V P N K V I Q C F A E T G Q V Q K I V L Y A K K V G Y T P D W I F L L R N V M R I S P D Q G Q Q F A Q M L V Q D E E P L A D I T Q I V D V F M E Y N L I Q Q C T A F L L D A L K N N R, # # # # # # # # # # # # # # # # # # # # # # # # # # # # # # # # # # # # # # # # # # # # # # # # # # # # # # # # # # # # # # # # # # # # # # # # # # # # # # # # # # # # # # # # # # # # # # # # # # # # # # # # # # # # # # # # # # # # # # # # # # # # # # # # # # # # # # # # # # # # # # # # # # # # # # # # # # # # # # # # # # # # # # # # # # # # # # # # # # # # # # # # # # # # # # # # # # # # # # # # # # # # # # # # # # # # # # # # # # # # # # # # # # # # # # # # # # # # # # # # # # # # # # # # # # # # # # # # # # # # # # # # # # # # # # # # # # # # # # # # # # # # # # # # # # # # # # # # # # # # # # # # # # # # # # # # # # # # # # # # # # # # # # # # # # # # # # # # # # # # # # # # # # # # # # # # # # # # # # # # # # # # # # # # # # # # # # # # # # # # # # # # # # # # # # # # # # # # # # # # # # # # # # # # # # # # # # # # # # # # # # # # # # # # # # # # # # # # # # # # # # # # # # # # # # # # # # # # # # # # # # # # # # # # # # # # # # # # # # # # # # # # # # # # # # # # # # # # # # # # # # # # # # # # # # # # # # # # # # # # # # # # # # # # # # # # # # # # # # # # # # # # # # # # # # # # # # # # # # # # # # # # # # # # # # # # # # # # # # # #,# # # # # # S S S S S S S S # H H H H # H H H H H # # # # S S # # # # # S S S S S S S S # # S S S S S S S S # # # # # # # S S S # # # # # S S S S # # # # # S S S S S S # # S S S S S S # # # # S S S S S S S # # # # S S S S S S S S # # S S S S S S # # S S S S S S # # # # # # # S S S S S # H H H H H # # S S S S S S S # # # # # S S S S S S S S S # # # # S S S S S S S S S # # # # S S S S S # # # S S S S S S S # # # # # # # # S S S S S S S S S S # # S S S S S S S S # # # # # # # # # # # # # S S S S # # # # # # # # # # # S S S S S S S # # # # S S S S S S # # # S S S S S S # # # # # S S S S S S # # # # # # # S S S S S # # # # S S S S S # # # # S S S S S S S # # # H H H H H H H H H # # H H H H H H H H H H H H # # # # H H H H H H H H H H H H H H H # H H H H H H H H H H H # # # # # # # H H H H H H H H H H # # # # # # # # H H H H H H H H H H H H H H # # H H H H H H H H H H H H H H H # # H H H H H H H H H H # # # # # H H H H H H H H H H # H H H H H H H H H H H H # H H H H H H H H H H H H # H H H H H H H H H H H H H # # # H H H H H H H H H H H H H H H H H H H H H H H H H # # # # # # # H H H H H H H H H H H H # H H H H H H H H H H H H H H H H H
G S G L S N Q L A V T F R E E N T I A F R H L F L L G Y S D G A D D T F A A Y T R E Q L Y Q A I F H A V D Q Y L A L P D V S L G R Y A Y V R G G G D P W T N G S G L A L C Q R Y Y H R G H V D P A N D T F D I D P M V V T D C I Q V D P P E R P P P P P S D D L T L L E S S S S Y K N L T L K F H K L V N V T I H F R L K T I N L Q S L I N N E I P D C Y T F S V L I T F D N K A H S G R I P I S L E T Q A H I Q E C K H P S V F Q H G D N S L E H H H H H H, # # # # # # # # # # # # # # # # # # # # # # # # # # # # # # # # # # # # # # # # # # # # # # # # # # # # # # # # # # # # # # # # # # # # # # # # # # # # # # # # # # # # # # # # # # # # # # # # # # # # # # # # # # # # # # # # # # # # # # # # # # # # # # # # # # # # # # # # # # # # # # # # # # # # # # # # # # # # # # # # # # # # # # # # # # # # # # # # # # # # # # # # # # # # # # # # # # # # # # # # # # # # # # # # # # # # # # # # # # # ,H H H H H H H H H H H H H H H H H H H H H H H H H # # # # # # # # # # # S S # H H H H H H H H H H H H H H H H H H H H H H H # # # # S S # # # # # # # # # # # # # S S S S S S S S S S S S S S H H H H S S S S S S S S S S S S S S S # # # # # # # # # # # # # # # # # # # # # # # # # # # # H H H # S S S S S S S S S S S S S S H H H H H H H # # # S S S S S S S S S S S S # # # # # # # S S S S S S S S S S S S # # # # # # # # # # # # # # # # # # # # # #
G S H M K K I F V G G L S V N T T V E D V K H Y F E Q F G K V D D A M L M F D K T T N R H R G F G F V T F E S E D I V E K V C E I H F H E I N N K M V E C K K A Q P K E V M S P T G S A R G R S, # # # # # # # # # # # # # # # # # # # # # # # # # # # # # # # # # # # # # # # # # # # # # # # # # # # # # # # # # # # # # # # # # # # # # # # # # # # # # # # # # # # # # # # # ,# # # # # S S S S S # # # # # # H H H H H H H H H H # # # # S S S S S S S S # # # # # # S S S S S S S S S # H H H H H H H H H H H H S S S S # # S S S S S S S # # # H H H H H # # # # # # # # #
M A K G G S R V S N P A V M A Q E E E D V R D Y N L T E E Q K A I K A K Y P P V N R K Y E Y L D H T A D V Q L H A W G D T L E E A F E Q C A M A M F G Y M T D T G T V E P L Q T V E V E T Q G D D L Q S L L F H F L D E W L Y K F S A D E F F I P R E V K V L S I D Q R N F K L R S I G W G E E F S L S K H P Q G T E V K A I T Y S A M Q V Y N E E N P E V F V I I D I L E H H H H H H, # # # # # # # # # # # # # # # # # # # # # # # # # # # # # # # # # # # # # # # # # # # # # # # # # # # # # # # # # # # # # # # # # # # # # # # # # # # # # # # # # # # # # # # # # # # # # # # # # # # # # # # # # # # # # # # # # # # # # # # # # # # # # # # # # # # # # # # # # # # # # # # # # # # # # # # # # # # # H H H H H H H H H H H H H H H H H H H H H H H H H H H H H H H H H H H H H H,# # # # # # # # # # # # # # # # # # # # # # # # # # H H H H H H H H H H H # # # # # # S S S S S S S S S S S S S S S # # H H H H H H H H H H H H H H H H H H H H H H H # # # S S S S S S S S # # H H H H H H H H H H H H H H H H H H H # # # S S S S S S S S S S S S # # # # S S S S S S S S S S # # # # # # # # # # # S S S S S S S S S S S S # # # # # S S S S S S S S # # # # # # # #
S F S S P S G S T I E A G I A Y P I S T G F D P L T S S G A S S M A A N L H I F E G L V D L H P V T R Q P Y L A L A A K E P E Q K D D L T Y Y I S L R E G A M F H D G S P V T T E D V V Y S F E R V L D P A K A S L F A Q F I P F I A S V T A L D D N V V E F K L K Y P F A L F K E R L T I I K I V P K H I V E A G Q S A F D A K P I G S G P Y K F V S A T K D D R I V F E A N T V Y N G H Y P A K V E K M T W F L L S D D A A R V T A Q E S G R V Q A I E S V P Y L D A E R L K R K N N V E S V Q S F G L L F L M F N C E K A P F D N P K V R Q A L H Y A L D K Q K L I D I V F L G N A K A A T S Y L Q D T H P D Y V K A S S Q Y D Y D K A K A E K L L A E A G I T N L T F Q L L A T D H A W V K E C A P L I L E S W N A L S V V K V T L Q H L Q S G A L Y S A H V D K G A Y E V V I A P G D P S V F G N D L D L L L S W W Y R G D V W P K R R F R W A N T A E Y H E V Q K L L D E A I K N P A G S K V A W Q K A I N I I A E Q V P L Y P I I H R K L P T A W N T K K L T D F Q P L P T T G L S F L G V G R T, # # # # # # # # # # # # # # # # # # # # # # # # # # # # # # # # # # # # # # # # # # # # # # # # # # # # # # # # # # # # # # # # # # # # # # # # # # # # # # # # # # # # # # # # # # # # # # # # # # # # # # # # # # # # # # # # # # # # # # # # # # # # # # # # # # # # # # # # # # # # # # # # # # # # # # # # # # # # # # # # # # # # # # # # # # # # # # # # # # # # # # # # # # # # # # # # # # # # # # # # # # # # # # # # # # # # # # # # # # # # # # # # # # # # # # # # # # # # # # # # # # # # # # # # # # # # # # # # # # # # # # # # # # # # # # # # # # # # # # # # # # # # # # # # # # # # # # # # # # # # # # # # # # # # # # # # # # # # # # # # # # # # # # # # # # # # # # # # # # # # # # # # # # # # # # # # # # # # # # # # # # # # # # # # # # # # # # # # # # # # # # # # # # # # # # # # # # # # # # # # # # # # # # # # # # # # # # # # # # # # # # # # # # # # # # # # # # # # # # # # # # # # # # # # # # # # # # # # # # # # # # # # # # # # # # # # # # # # # # # # # # # # # # # # # # # # # #,# # # # # # # # S S S S S S # # # # # # # # # # # # # # H H H H H H H H H H H H # # # S S S # # # # # # S S S # # # # # # # S S # # # # S S S S S # # # # # # # # # # # # # H H H H H H H H H H H H H H H H H H H H H H H H H # # S S S S S S # # # # S S S S S S # # # # # H H H H H H H H H # # # H H H H H H # H H H H H H H H # # # # # # S S S S S S S # # # S S S S S S # # # # # # # # # # # # # S S S S S S # # H H H H H H H H H H H # # # # S S # # # # # # H H H H H H # # # S S S S S S S S S S S S S S S # # # # # # # # H H H H H H H H H H H # H H H H H H H H H H H # # S S S # # # # # # # # # # # # # # # # # # # # # H H H H H H H H H H H H # # # # S S S S S S S # # # # H H H H H H H H H H H H H H H # # # S S S S S S S # H H H H H H H H # # # # # # # # S S S S S S H H H H H # # H H H H H H H H H H H # # # # # # # # # # # # # H H H H H H H H H H H H H H H # H H H H H H H H H H H H H H H H H H H H # S S S S S S S S S S S S S # # # # S S # # # # # # # # # # # # # # # S S #
G P G S I P D Y Q E Q D I F L W R K E T G F G F R I L G G N E P G E P I Y I G H I V P L G A A D T D G R L R S G D E L I C V D G T P V I G K S H Q L V V Q L M Q Q A A K Q G H V N L T V R R K V V, # # # # # # # # # # # # # # # # # # # # # # # # # # # # # # # # # # # # # # # # # # # # # # # # # # # # # # # # # # # # # # # # # # # # # # # # # # # # # # # # # # # # # # # # # # ,# # # # # # # S S S S S S S S S # # # # # # # S S S S S # # # # # # # S S S S S S # # # H H H H H H H # # # # # # S S S S S # # S S # # # # H H H H H H H H H H H H H H H H S S S S S S S S S # #
M K K A N E A L T R N R E L T T V L V K N L P K S Y N Q N K V Y K Y F K H C G P I I H V D V A D S L K K N F R F A R I E F A R Y D G A L A A I T K T H K V V G Q N E I I V S H L T E C T L W M T N F P P S Y T Q R N I R D L L Q D I N V V A L S I R L P S L R F N T S R R F A Y I D V T S K E D A R Y C V E K L N G L K I E G Y T L V T K V S N P L E K S K R T D S A T L E G R E I M I R N L S T E L L D E N L L R E S F E G F G S I E K I N I P A G Q K E H S F N N C C A F M V F E N K D S A E R A L Q M N R S L L G N R E I S V S L A D K K P F L E R N E V K R L L A S R N S K E L E T L I C L F P L S D K V S P S L I C Q F L Q E E I H I N E K D I R K I L L V S D F N G A I I I F R D S K F A A K M L M I L N G S Q F Q G K V I R S G T I N D M K R Y Y N N Q Q N H S M K H V K P S C I N M M E K G P N L Q V K K K I P D K Q E Q M S N D D F R K M F L G E H H H H H H, # # # # # # # # # # # # # # # # # # # # # # # # # # # # # # # # # # # # # # # # # # # # # # # # # # # # # # # # # # # # # # # # # # # # # # # # # # # # # # # # # # # # # # # # # # # # # # # # # # # # # # # # # # # # # # # # # # # # # # # # # # # # # # # # # # # # # # # # # # # # # # # # # # # # # # # # # # # # # # # # # # # # # # # # # # # # # # # # # # # # # # # # # # # # # # # # # # # # # # # # # # # # # # # # # # # # # # # # # # # # # # # # # # # # # # # # # # # # # # # # # # # # # # # # # # # # # # # # # # # # # # # # # # # # # # # # # # # # # # # # # # # # # # # # # # # # # # # # # # # # # # # # # # # # # # # # # # # # # # # # # # # # # # # # # # # # # # # # # # # # # # # # # # # # # # # # # # # # # # # # # # # # # # # # # # # # # # # # # # # # # # # # # # # # # # # # # # # # # # # # # # # # # # # # # # # # # # # # # # # # # # # # # # # # # #,# # # # # H H H H H H H H H H S S S S S S S # # # # H H H H H H H H H H H H H # S S S S S S S S # # # # # # S S S S S S S # H H H H H H H H H H # # # # S S # # S S # S S S S # # # # S S S S S # # # # # # H H H H H H H H H H H H # # # S S S S S # # # # # # # # # # # S S S S S S # H H H H H H H H H H H H H # # S S # # S S # S S S S # H H H H H # # # # H H H H H H # # S S S S S S S H H H H H H H H H H H H H H H H H H # S S S S S # # # # # # # # # # # # S S S S S S S # H H H H H H H H H H H H # # S S # # S S # S S S S # # H H H H H H H H H H H H H H H H # # # # H H H # S S S S S # # # # # # H H H H H H H H H H H H # # # H H H # S S S S S S S H H H H S S S S S S # H H H H H H H H H H H H H # # S S # # S S # S S S H H H H H H H H H H H H H # # # # # # # # # # # # # # # # # # # # # # # # # # # # # # # # # # # # # # # # # # # # # # # # # # # #
M L E K K R V S F R P M N E D D L V L M L K W L T D D R V L E F Y D G R D K K H T Q K T I R E H Y T E Q W A D E I Y R V I I E Y D T I P I G Y A Q I Y R I Q G E L F D E Y N Y H E T E E K I Y A M D Q F I G E P E Y W N M G I G A E Y C R V V C Q Y L R T E M D A D A V I L D P R K N N L R A V R A Y Q K A G F K I I K E L P E H E L H E G K K E D C V L M E W R V, # # # # # # # # # # # # # # # # # # # # # # # # # # # # # # # # # # # # # # # # # # # # # # # # # # # # # # # # # # # # # # # # # # # # # # # # # # # # # # # # # # # # # # # # # # # # # # # # # # # # # # # # # # # # # # # # # # # # # # # # # # # # # # # # # # # # # # # # # # # # # # # # H H H H H H H H H H H H H H H H H H H H H H H H H H H H H H H H H H H H H H H H,# # # # # # S S S S S # H H H H H H H H H H H H # H H H H H H # # # # # # # # # H H H H H H H H H H # # # # # # S S S S S S S S # # S S S S S S S S S S # H H H H H H H H H # # # # # # # S S S S S S S S # H H H H H # # H H H H H H H H H H H H H H H H H H H # # S S S S # # # # # H H H H H H H H H H H # # S S S S S S S S S S S S # # S S S S S S S S S S # #
G P M T L P K M E P S S H A P T E P D I Q K D K D D S I I R E N E N I P A P L G T V V Q L L F G S N T E Y M Q K V I T R D K N N V N V E T I P K F T P S L V E G G S R H Y E Y T K K L N N S I G P K Q T K C L L T E S I E H M D I N N Y V L V T Q T T K T P D V P S G S N F A V E S K I F L F W G Q H D T T N M T V I T K I N W T S K S F L K G A I E K G S V E G Q K V S V D Y M L S E L R D I I S R A K S K K P V K, # # # # # # # # # # # # # # # # # # # # # # # # # # # # # # # # # # # # # # # # # # # # # # # # # # # # # # # # # # # # # # # # # # # # # # # # # # # # # # # # # # # # # # # # # # # # # # # # # # # # # # # # # # # # # # # # # # # # # # # # # # # # # # # # # # # # # # # # # # # # # # # # # # # # # # # # # # # # # # # # # # # # # # # # # # # # # # # # # # # # # # # # # # # # # # # # # # # # # # # # # # # # # # # # #,# # # # # # # # # # # # # # # # # # # # # # # # # # S S S S S S S S S # # H H H H H H H H H H H # # H H H H H H H H H H H # # S S # # # # # # # # # # # # # # # # S S S S S S S S S # # # # # # # # S S S S S S S S S S S S S # # # # S S S S S S S S S # # # # # H H H # S S S S S S S S S S S # H H H # S S S S S S S S S S S # # # # # H H H H H H H H H H H H H H H H H H H H H H H H H H H H H H H H H # # # # #
S M A Q D K R S G F L T L G Y R G S Y T T V R D N Q A D A K F R R V A R I M V C G R I A L A K E V F G D T L N E S R D P D R Q P E K Y T S R F Y L K F T Y L E Q A F D R L S E A G F H M V A C N S S G T A A F V N Q Y R D D K I W S S Y T E Y I F F R P, # # # # # # # # # # # # # # # # # # # # # # # # # # # # # # # # # # # # # # # # # # # # # # # # # # # # # # # # # # # # # # # # # # # # # # # # # # # # # # # # # # # # # # # # # # # # # # # # # # # # H H H H H H H H H H H H H H H H H H H H H H H H H H H H H H,# # # # # # # # S S S S S S S S S S # # # # # # # # # # # # # # # # # S S S S S S S H H H H H H H H H H H H # # # # # # # # # # # # # S S S S S # # # # H H H H H H H H H H H H # # S S S S S S S S S S S S # # # # # # # # # S S S S S S S S S S S S #
M S S E R V F H L C V C D P L D S I L T S Q I Y N H I E Q I A P N I H V M F K S S L N Q N T E H Q L R Y Q E T E F V I S Y E D F H R P E F T S V P L F K D E M V L V A S K N H P T I K G P L L K H D V Y N E Q H A A V S L D R F A S F S Q P W Y D T V D K Q A S I A Y Q G M A M M S V L S V V S Q T H L V A I A P R W L A E E F A E S L E L Q V L P L P L K Q N S R T C Y L S W H E A A G R D K G H Q W M E E Q L V S I C K R L E H H H H H H, # # # # # # # # # # # # # # # # # # # # # # # # # # # # # # # # # # # # # # # # # # # # # # # # # # # # # # # # # # # # # # # # # # # # # # # # # # # # # # # # # # # # # # # # # # # # # # # # # # # # # # # # # # # # # # # # # # # # # # # # # # # # # # # # # # # # # # # # # # # # # # # # # # # # # # # # # # # # # # # # # # # # # # # # # # # # # # # # # # # # # # # # # # # # # # # # # # # # # # # ,# # # # # S S S S S S # # H H H H H H H H H H H H H H H H # # # # # S S S S S # # # # # H H H H H H H H H # # # S S S S # # # # # # # # S S S S S S S S S S S S S S S S # # # # # # # # # # H H H H H H H H # S S S S # # # # # # # # H H H H H # H H H H H H # S S S S S # H H H H H H H H H H # # # # # S S S S H H H H H H H H H H H H S S S S S # # # # # # S S S S S S S S S # # # # # H H H H H H H H H H H H H H H H H H H # # # # # #
M K K L L T V M T M A V L T A G T L L L P A Q S V T P A A H A V Q I S N S E R E L P F K A K H A Y S T I S Q L S E A I G P R I A G T A A E K K S A L L I A S S M R K L K L D V K V Q R F N I P D R L E G T L S S A G R D I L L Q A A S G S A P T E E Q G L T A P L Y N A G L G Y Q K D F T A D A K G K I A L I S R G D L T Y Y E K A K N A E A A G A K A V I I Y N N K E S L V P M T P N L S G N K V G I P V V G I K K E D G E A L T Q Q K E A T L K L K A F T N Q T S Q N I I G I K K P K N I K H P D I V Y V T A H Y D S V P F S P G A N D N G S G T S V M L E M A R V L K S V P S D K E I R F I A F G A E E L G L L G S S H Y V D H L S E K E L K R S E V N F N L D M V G T S W E K A S E L Y V N T L D G Q S N Y V W E S S R T A A E K I G F D S L S L T Q G G S S D H V P F H E A G I D S A N F I W G D P E T E E V E P W Y H T P E D S I E H I S K E R L Q Q A G D L V T A A V Y E A V K K E K K P K T I K K Q M K A K A S D I F E D I K, # # # # # # # # # # # # # # # # # # # # # # # # # # # # # # # # # # # # # # # # # # # # # # # # # # # # # # # # # # # # # # # # # # # # # # # # # # # # # # # # # # # # # # # # # # # # # # # # # # # # # # # # # # # # # # # # # # # # # # # # # # # # # # # # # # # # # # # # # # # # # # # # # # # # # # # # # # # # # # # # # # # # # # # # # # # # # # # # # # # # # # # # # # # # # # # # # # # # # # # # # # # # # # # # # # # # # # # # # # # # # # # # # # # # # # # # # # # # # # # # # # # # # # # # # # # # # # # # # # # # # # # # # # # # # # # # # # # # # # # # # # # # # # # # # # # # # # # # # # # # # # # # # # # # # # # # # # # # # # # # # # # # # # # # # # # # # # # # # # # # # # # # # # # # # # # # # # # # # # # # # # # # # # # # # # # # # # # # # # # # # # # # # # # # # # # # # # # # # # # # # # # # # # # # # # # # # # # # # # # # # # # # # # # # # # # # # # # # # # # # # # # # # # # # # # # # # # # # # # # # #,# # # # # # # # # # # # # # # # # # # # # # # # # # # # # # # # # # # # # # # # # # # H H H H H H H H H H H H H H # # # # # # # # H H H H H H H H H H H H H H H H H H # # S S S S S S S S # # # S S S S S S S S # # S S S # S S S # # # # # # # # # # # S S S S S S S # # # # H H H H H H H H H H # # S S S S S # # # # H H H H H H H H H H H H # # # S S S S S # # # # # # # # # # # # # # # # # # # # # S S S S H H H H H H H H H # # # S S S S S S S S S # # # S S S S S S S S S # # # # # # # # # S S S S S S S # # # # # # # # # # # # H H H H H H H H H H H H H H H H # # # # # # S S S S S S S # H H H H H H H H H H H H H H H # H H H H H H H S S S S S S S # # # # # # # # # # # S S S S S S # # # # # H H H H H H H H H H H H H H H # # # S S S S S # # # # H H H H H H H H # # S S S S S S S S # # # # # # # # # # # # # # # # H H H H H H H H H H H H H H H H H H H H H H H H H H # # # # # # # # # # # # # # H H H H H # # # # #
D Y K D D D D K V L G L K Y E E I D C L I N D E H T I K G R R E G N E V F L P F T W V E K Y F D V Y G K V V Q Y D G Y D R F E F S H S Y S K V Y A Q R A P Y H P D G V F M S F E G Y N V E V R D R V K C I S G V E G V P L S T Q W G P Q G Y F Y P I Q I A Q Y G L S H Y S K N L T E K P P H I E V Y E T A E D R D K N K P N D W T V P K G C F M A N V A D K S R F T N V K Q F I A P E T S E G V S L Q L G N T K D F I I S F D L K F L T N G S V S V V L E T T E K N Q L F T I H Y V S N A Q L I A F K E R D I Y Y G I G P R T S W S T V T R D L V T D L R K G V G L S N T K A V K P T K I M P K K V V R L I A K G K G F L D N I T I S T T A H M A A F F A A S D W L V R N Q D E K G G W P I M V T R K L G E G F K S L E P G W Y S A M A Q G Q A I S T L V R A Y L L T K D H I F L N S A L R A T A P Y K F L S E Q H G V K A V F M N K H D W Y E E Y P T T P S S F V L N G F M Y S L I G L Y D L K E T A G E K L G K E A R S L Y E R G M E S L K A M L P L Y D T G S G T I Y D L R H F M L G I A P N L A R W D Y H T T H I N Q L Q L L S T I D E S P V F K E F V K R W K S Y L K G S R A K H N, # # # # # # # # # # # # # # # # # # # # # # # # # # # # # # # # # # # # # # # # # # # # # # # # # # # # # # # # # # # # # # # # # # # # # # # # # # # # # # # # # # # # # # # # # # # # # # # # # # # # # # # # # # # # # # # # # # # # # # # # # # # # # # # # # # # # # # # # # # # # # # # # # # # # # # # # # # # # # # # # # # # # # # # # # # # # # # # # # # # # # # # # # # # # # # # # # # # # # # # # # # # # # # # # # # # # # # # # # # # # # # # # # # # # # # # # # # # # # # # # # # # # # # # # # # # # # # # # # # # # # # # # # # # # # # # # # # # # # # # # # # # # # # # # # # # # # # # # # # # # # # # # # # # # # # # # # # # # # # # # # # # # # # # # # # # # # # # # # # # # # # # # # # # # # # # # # # # # # # # # # # # # # # # # # # # # # # # # # # # # # # # # # # # # # # # # # # # # # # # # # # # # # # # # # # # # # # # # # # # # # # # # # # # # # # # # # # # # # # # # # # # # # # # # # # # # # # # # # # # # # # # # # # # # # # # # # # # # # # # # # # # # # # # # # # # # # # # # # # # # # # # # # # # # # # # # # # # # # # # # # # # # # # # # # # # # #,# # # # # # # # # # # # # # S S S S S S S # # # S S S S S S S S # # S S S # # H H H H H H H H H # S S S S S S S # # S S S S S S S # # # # # # # # # # # # # # # # # # # # H H H H H # # # # # # # S S S S # # # # # # S S S # # # # # # # # # H H H H H H H H H H H H H H H H H H H # # # # S S S S S # # # # # # # # # # # # # # # # # # # S S S S S S S H H H H S S S S S S S S # # # # # # S S S S # # # # # # # S S S S S S S S # # # S S S S S S S S # # # # # # S S S S S S S # # # # # # S S S # # S S S S S # # # # # # # S S S S S S H H H H H H H H H H # # # # # # # # # # # # # # # S S S S S S S S S S S S S S # S S S S # # H H H H H H H H H H H H H H H H H # # # # # # # # # # # # # # # # # # # # # # # # # # H H H H H H H H H H H H H H H H H H H H H H H H H H H H H H H H H H H H H H H H H H # # S S S S # # # S S S S # # # # # # # # # # H H H H H H H H H H H H H H H H H H H H # # # H H H H H H H H H H H H H H H H H H H H H H H # # # # # # # # H H H H H H H # # # # # # H H H H H H H H H H H H H H H H H # # # H H H H H H H H H H H H H H H # # # # # # # #
M N K Y T I A I D L G Y G Q I K G I N Q D N K R V I F P S I I S S G K D R S L D T F F N S I D N I V D N I H V K I L D E Y F N E K E Y F V G E L A K R Q P S N S S F I N R D N K I N S E E N K V L L A T A L G L L I P N D L P N D T K I H I V T G L P L E H F I K Q K Q A L N D M L K D F E H T I K F V D H N F S R N I K F E E S N I T L F P Q G A G A I F S K I N N D I S S L L I K E T F I G L I D V G F K T T D I V V F R I N K D K E P V F E Q E M S A T L D G L G M I N I Y N T M D K A F T D N S R D G S K L N T E Q L M L L C E E G K I F F K G D Y I D L K K D L I K A R K T L S T N I I N K A D G L W G S R K N S F N S I M I A G G G G K V L Y N H L K L I E P N M C Q L I D N P E F A N A I G Y L E F G K Q F, # # # # # # # # # # # # # # # # # # # # # # # # # # # # # # # # # # # # # # # # # # # # # # # # # # # # # # # # # # # # # # # # # # # # # # # # # # # # # # # # # # # # # # # # # # # # # # # # # # # # # # # # # # # # # # # # # # # # # # # # # # # # # # # # # # # # # # # # # # # # # # # # # # # # # # # # # # # # # # # # # # # # # # # # # # # # # # # # # # # # # # # # # # # # # # # # # # # # # # # # # # # # # # # # # # # # # # # # # # # # # # # # # # # # # # # # # # # # # # # # # # # # # # # # # # # # # # # # # # # # # # # # # # # # # # # # # # # # # # # # # # # # # # # # # # # # # # # # # # # # # # # # # # # # # # # # # # # # # # # # # # # # # # # # # # # # # # # # # # # # # # # # # # # # # # # # # # #,# # # S S S S S # # # # # S S S S S S # # # # S S S S S # # S S S # # # # H H H H H H H # # # # # # # # # S S S S # # # # # # # S S S S S H H H H H H H # # # # # # # # # # # # # # H H H H H H H H H H H H H H # # # # # # # # # # # S S S S S S S # # H H H H H H H H H H H H H H H H H S S S S S S # # # # # S S S S S # # # # # # S S S S # H H H H H H H # # # # H H H H H # # # # # S S S S S S S # # # # S S S S S S S S # # # # # S S S # # # # # S S S # # # # H H H H H H H H H H H H H H H H H # # # # # H H H H H H H H H H H H S S S # # # # S S S H H H H H H H H H H H H H H H H H H H H H H H H H H H H H # S S S S S S S H H H H H H H H # H H H H H H # # # # S S # # # # # H H H H H H H H H H # # # #
G S H M A P F V A K D I R V D G V Q G D L E Q Q I R A S L P V R A G Q R V T D N D V A N I V R S L F V S G R F D D V K A H Q E G D V L V V S V V A K S I I S D V K I K G N S I I P T E A L K Q N L D A N G F K V G D V L I R E K L N E F A K S V K E H Y A S V G R Y N A T V E P I V N T L P N N R A E I L I Q I N E D D K A K L A S L T F K G N E S V S S S T L Q E Q M E L Q P D S W W K L W G N K F E G A Q F E K D L Q S I R D Y Y L N N G Y A K A Q I T K T D V Q L N D E K T K V N V T I D V N E G L Q Y D L R S A R I I G N L G G M S A E L E P L L S A L H L N D T F R R S D I A D V E N A I K A K L G E R G Y G S A T V N S V P D F D D A N K T L A I T L V V D A G R R L T V R Q, # # # # # # # # # # # # # # # # # # # # # # # # # # # # # # # # # # # # # # # # # # # # # # # # # # # # # # # # # # # # # # # # # # # # # # # # # # # # # # # # # # # # # # # # # # # # # # # # # # # # # # # # # # # # # # # # # # # # # # # # # # # # # # # # # # # # # # # # # # # # # # # # # # # # # # # # # # # # # # # # # # # # # # # # # # # # # # # # # # # # # # # # # # # # # # # # # # # # # # # # # # # # # # # # # # # # # # # # # # # # # # # # # # # # # # # # # # # # # # # # # # # # # # # # # # # # # # # # # # # # # # # # # # # # # # # # # # # # # # # # # # # # # # # # # # # # # # # # # # # # # # # # # # # # # # # # # # # # # # # # # # # # # # # # # # # # # # # # # # #,# # # # # # S S # # # # # # # # # # H H H H H H H H H H H # # # # # # S S H H H H H H H H H H H H H H H # # S S S S S S S S S # # S S S S S S S S # # S S S S S S S S # # # # # H H H H H H H H H H H H # # # # # # # # H H H H H H H H H H H H H H H H H H H # # # # # S S S S S S S S S # # # S S S S S S S S S # # # # # # S S S S S S S # # # # # H H H H H H # # # # # # # # # # # # # # # # # # # # H H H H H H H H H H H H H H H H # # # # # # S S S S S S S S # # # # # # # S S S S S S S S # # # # # S S S S S S S S S # # # # H H H H H H H H H # # # # # # S S # H H H H H H H H H H H H H H H H H H H # # # # # S S S S S # # S S # # # # S S S S S S S S S # # # # # # # # #
L A N Y E T Y D G F K V S E E P V L P E K E V H P S L W F T K S D I Q K I K E K K N E D S F T A E L W E E I S N S P Y L T M E I P T D I P S A T D S D T D I H K Y Y G N M S R I A K Y N A F M Y L M T G K S E Y R L R A T E A L K R A F D G P I Y E M D P T V S G S G V D E I Y R A V W A Q N F A T A Y D W I Q P Y L S D E D D E I I R E R L A K E A Q V V Y E N L Y T W G P R P H N H L S K P A W G L G T L A L T L S D H P D A S K W L N R A L E A A N T N T L Y F F N K D G H Y R E G A H Y Y V Y S L V N L I P F L Y H Y K N V S G V N Y F P E Y K N I F E W A V K I R N G R G W M P N V E D S W I K P A P T H M V A S Q Y K D T D T D L H S T A K L A N I L Q W S Y F N T D F R P W E P D G S Y T G A S Y D D T W D I D Q Y L T Y D S T I E Q I K P D V S G T V F M N N S G Q T V F R S D W N F N N P N S R Y L L F Q G V A E A D N H Y H Y D H L S F I I H A E N Q M M A S D S G Y S R N S Y G E G I R T S W Y L T A E A H N V I T A N G E H P K D V S E N T T P V S R Y D M D T D F F D F Q E K E A V Y D G F T F P E K N S Y D F S G K Q I R A I G F P R Q D Y F V V A D Q L F S D K E V Q Y D L Y L H G G R G E M S G E G N Y R L W T Y E D D R Y G Q E A K M A A W V F P S K E S I F I D K E G E V N Y E A G A F N S Y G Y L N A R Q I A K D T M F M Q I I V P L S K Y A D I P E V V D L S T D D V V G G T V V K D N E K D T F M Q Q L N N A E N S L G D I T T D A T F A Y T N E N S N N E L Q H F S V R Q G T S L D Y K G E N I F V S N K P I T F A L D I S D E T Q Y K G T I A A L N E T V E L R V K N P V G V P T E S V V V N G E N I E F S V E D G Y T V I Q V A E G G D I N I N F G E G, # # # # # # # # # # # # # # # # # # # # # # # # # # # # # # # # # # # # # # # # # # # # # # # # # # # # # # # # # # # # # # # # # # # # # # # # # # # # # # # # # # # # # # # # # # # # # # # # # # # # # # # # # # # # # # # # # # # # # # # # # # # # # # # # # # # # # # # # # # # # # # # # # # # # # # # # # # # # # # # # # # # # # # # # # # # # # # # # # # # # # # # # # # # # # # # # # # # # # # # # # # # # # # # # # # # # # # # # # # # # # # # # # # # # # # # # # # # # # # # # # # # # # # # # # # # # # # # # # # # # # # # # # # # # # # # # # # # # # # # # # # # # # # # # # # # # # # # # # # # # # # # # # # # # # # # # # # # # # # # # # # # # # # # # # # # # # # # # # # # # # # # # # # # # # # # # # # # # # # # # # # # # # # # # # # # # # # # # # # # # # # # # # # # # # # # # # # # # # # # # # # # # # # # # # # # # # # # # # # # # # # # # # # # # # # # # # # # # # # # # # # # # # # # # # # # # # # # # # # # # # # # # # # # # # # # # # # # # # # # # # # # # # # # # # # # # # # # # # # # # # # # # # # # # # # # # # # # # # # # # # # # # # # # # # # # # # # # # # # # # # # # # # # # # # # # # # # # # # # # # # # # # # # # # # # # # # # # # # # # # # # # # # # # # # # # # # # # # # # # # # # # # # # # # # # # # # # # # # # # # # # # # # # # # # # # # # # # # # # # # # # # # # # # # # # # # # # # # # # # # # # # # # # # # # # # # # # # # # # # # # # # # # # # # # # # # # # # # # # # # # # # # # # # # # # # # # # # # # # # # # # # # # # # # # # # # # # # # # # # # # # # # # # # # # # # # # # # # # # # # # # # # # # # # # # # # # # # # # #,# # # # # # # # # # # # # # # # # # # # # # # # # # # # # H H H H H H H H H H H H H H H H H H H H H H H H H H # H H H H H H # # # # # # # # # # # H H H H H H H H H H H H H H H H H H H H H H H H H H H H H H H H H H H H H H H H H # # # # # # # # # # # # # # # # # # # # # H H H H H H H H H H H H H H H H H H H H H H H H H H H H H H H H H H H H H H H H H H H H H H H # # # H H H H H H H H H H H H H H H H H H # # # # H H H H H H H H H H H H H H H H H H H H # # # # # # # # # H H H H H H H H H H H H H H H H H H H H H H H H # # # # # # # H H H H H H H H H H H # # # # # # # # # # # # # # # # # # H H H H H H # # # # # # # # # # # # # H H H H H H H H H H H H # # H H H H H # # # # # # # # # # # # H H H H H H H H H H # # # # # # # # # # # # # # S S S # # # # S S S S S # # # # # # # # # # S S S S S S # # # # # # # # # # # # # # S S S S S S # # S S # # # # # # # # # # # # # H H H H H H H # # H H H H H # # S S S # # # # # # # # # # # # # # S S S S S S # # # # # # S S S S S S S # # # # # # # # # # # # # # # S S S S S S S S # H H H H # S S S S S S S S S # # # S S S S S S S S # # # # S S S # # # # S S S S S S # # # # # # # # S S S S S S S S # # # # # S S S S S S S S S # # # # # # # S S S S S S S S S S S S # # S S S S S S S S S S S # # # # # # S S S S # # # # # # S S S S S S S # # S S S S S S S # # # # # # S S S # # S S S # # # S S S S S S # # # # # S S S S S S S S S S S S S S # # S S S S S S S S S S S S S S S # # # # # S S S S S S # # # # # # S S S S S S # # # # # # S S S S S S # # S S S # S S S S # # S S S S S S # # # S S S S S S S # # #
Y Q L Q P L S L D S V P W R R Q P G Q Q V L W I G C S D S G C D E L E S S G L P A D E I F E Y R S L G N M M V D D L S C K A T L G Y A L D S L K I R N I V I C G H Y G C H I A S G E V N A G L Q K P W S S V L D T L R S T H R R T L D S L T G T E R D R A L V E L N V L E Q V H S L R Q S A E A A E A L Q K Q Q L N I W G M V Y D K A T K R G Y Q L I, # # # # # # # # # # # # # # # # # # # # # # # # # # # # # # # # # # # # # # # # # # # # # # # # # # # # # # # # # # # # # # # # # # # # # # # # # # # # # # # # # # # # # # # # # # # # # # # # # # # # # # # # # # # # # # # # # # # # # # # # # # # # # # # # # # # # # # # # # # # # # H H H H H H H H H H H H H H H H H H H H H H H H H H H H H H H H H H H H,# # S S S # # # # # # # # # # # # # # # S S S S S S # # # H H H H H H H H # # H H H # S S S S S S H H H H # # # H H H H H H H H H H H H H H # # # # S S S S S S S # # # # # # # # # # # # # # # # H H H H H H H H H H H H H H H H H H H # H H H H H H H H H H H H H H H H H H H H H H H H H H H H H H H H H # # # S S S S S S S S # # # # S S S S S #
T P R G F V V H T A P V G L A D D G R D D F T V L A S T A P A T V S A V F T R S R F A G P S V V L C R E A V A D G Q A R G V V V L A R N A N V A T G L E G E E N A R E V R E A V A R A L G L P E G E M L I A S T G V I G R Q Y P M E S I R E H L K T L E W P A G E G G F D R A A R A I M T T D T R P K E V R V S V G G A T L V G I A K G V G M L E P D M A, # # # # # # # # # # # # # # # # # # # # # # # # # # # # # # # # # # # # # # # # # # # # # # # # # # # # # # # # # # # # # # # # # # # # # # # # # # # # # # # # # # # # # # # # # # # # # # # # # # # # # # # # # # # # # # # # # # # # # # # # # # # # # # # # # # # # # # # # # # # # # # # # H H H H H H H H H H H H H H H H H H H H H H H H H H H H H H H H H H H,# # # # S S S S S S # # # # # # # # # # # S S S S S S # # # S S S S S S S # # # # # # H H H H H H H H H H H H # # # # # S S S S S S # # # # # # H H H H H H H H H H H H H H H H H H H H # # H H H # S S S S S S # # # # # # # H H H H H H H H H H # # # # # # # # # H H H H H H H H H # # # # # # # S S S S S S S # # S S S S S S S S # # # # # # # # # #
M E A D A R S I Y V G N V D Y G A T A E E L E A H F H G C G S V N R V T I L C D K F S G H P K G F A Y I E F S D K E S V R T S L A L D E S L F R G R Q I K V I P K R T N R P G I L E H H H H H H, # # # # # # # # # # # # # # # # # # # # # # # # # # # # # # # # # # # # # # # # # # # # # # # # # # # # # # # # # # # # # # # # # # # # # # # # # # # # # # # # # # # # # # # # ,# # H H H # S S S S S # # # # # # H H H H H H H H H H H H H # S S S S S S S S # # # # # # # # S S S S S S S # # H H H H H H H H H H H # # S S # # S S # S S S S # # # # # # # # # # # # # # # #
A Y N P Y P E D Y G D I E I G, # # # # # # # # # # # # # # # # # # # # H,# # # # H H H H H S S S S S #
M D F E T G E H Q Y Q Y K D I L S V F E D A F V D N F D C K D V Q D M P K S I L S K E E I D H I I M S K D A V S G T L R L F W T L L S K Q E E M V Q K F V E E V L R I N Y K F L M S P I K T E Q R Q P S M M T R M Y I E Q R D R L Y N D N Q V F A K Y N V S R L Q P Y L K L R Q A L L E L R P A K N V L I D G V L G S G K T W V A L D V C L S Y K V Q C K M D F K I F W L N L K N C N S P E T V L E M L Q K L L Y Q I D P N W T S R S D H S S N I K L R I H S I Q A E L R R L L K S K P Y E N C L L V L L N V Q N A K A W N A F N L S C K I L L T T R F K Q V T D F L S A A T T T H I S L D H H S M T L T P D E V K S L L L K Y L D C R P Q D L P R E V L T T N P R R L S I I A E S I R D G L A T W D N W K H V N C D K L T T I I E S S L N V L E P A E Y R K M F D R L S V F P P S A H I P T I L L S L I W F D V I K S D V M V V V N K L H K Y S L V E K Q P K E S T I S I P S I Y L E L K V K L E N E Y A L H R S I V D H Y N I P K T F D S D D L I P P Y L D Q Y F Y S H I G H H L K N I E H P E R M T L F R M V F L D F R F L E Q K I R H D S T A W N A S G S I L N T L Q Q L K F Y K P Y I C D N D P K Y E R L V N A I L D F L P K I E E N L I C S K Y T D L L R I A L M A E D E A I F E E A H K Q V Q R X X X X X X X X X X X X X X X X X X X X X X X X X X X X X X X X X X X X X X X X X X X X X X X X X X X X X X X X X X X X X X X X X X X X X X X X X X X X X X X X X X X X X X X X X X X X X X X X X X X X X X X X X X X X X X X X X X X X X X X X X X X X X X X X X X X X X X X X X X X X X X X X X X X X X X X X X X X X X X X X X X X X X X X X X X X X X X X X X X X X X X X X X X X X X X X X X X X X X X X X X X X X X X X X X X X X X X X X X X X X X X X X X X X X X X X X X X X X X X X X X X X X X X X X X X X X X X X X X X X X X X X X X X X X X X X X X X X X X X X X X X X X X X X X X X X X X X X X X X X X X X X X X X X X X X X X X X X X X X X X X X X X X X X X X X X X X X X X X X X X X X X X X X X X X X X X X X X X X X X X X X X X X X X X X X X X X X X X X X X X X X X X X X X X X X X X X X X X X X X X X X X X X X X X X X X X X X X X X X X X X X X X X X X X X X X X X X X X X X X X X X X X X X X X X X X X X X X X X X X X X X X X X X X X X X X X X X X X X X X X X X X X X X X X X X X X X X X X X X X X X X X X X X X X X X X X X X X X X X X, # # # # # # # # # # # # # # # # # # # # # # # # # # # # # # # # # # # # # # # # # # # # # # # # # # # # # # # # # # # # # # # # # # # # # # # # # # # # # # # # # # # # # # # # # # # # # # # # # # # # # # # # # # # # # # # # # # # # # # # # # # # # # # # # # # # # # # # # # # # # # # # # # # # # # # # # # # # # # # # # # # # # # # # # # # # # # # # # # # # # # # # # # # # # # # # # # # # # # # # # # # # # # # # # # # # # # # # # # # # # # # # # # # # # # # # # # # # # # # # # # # # # # # # # # # # # # # # # # # # # # # # # # # # # # # # # # # # # # # # # # # # # # # # # # # # # # # # # # # # # # # # # # # # # # # # # # # # # # # # # # # # # # # # # # # # # # # # # # # # # # # # # # # # # # # # # # # # # # # # # # # # # # # # # # # # # # # # # # # # # # # # # # # # # # # # # # # # # # # # # # # # # # # # # # # # # # # # # # # # # # # # # # # # # # # # # # # # # # # # # # # # # # # # # # # # # # # # # # # # # # # # # # # # # # # # # # # # # # # # # # # # # # # # # # # # # # # # # # # # # # # # # # # # # # # # # # # # # # # # # # # # # # # # # # # # # # # # # # # # # # # # # # # # # # # # # # # # # # # # # # # # # # # # # # # # # # # # # # # # # # # # # # # # # # # # # # # # # # # # # # # # # # # # # # # # # # # # # # # # # # # # # # # # # # # # # # # # # # # # # # # # # # # # # # # # # # # # # # # # # # # # # # # # # # # # # # # # # # # # # # # # # # # # # # # # # # # # # # # # # # # # # # # # # # # # # # # # # # # # # # # # # # # # # # # # # # # # # # # # # # # # # # # # # # # # # # # # # # # # # # # # # # # # # # # # # # # # # # # # # # # # # # # # # # # # # # # # # # # # # # # # # # # # # # # # # # # # # # # # # # # # # # # # # # # # # # # # # # # # # # # # # # # # # # # # # # # # # # # # # # # # # # # # # # # # # # # # # # # # # # # # # # # # # # # # # # # # # # # # # # # # # # # # # # # # # # # # # # # # # # # # # # # # # # # # # # # # # # # # # # # # # # # # # # # # # # # # # # # # # # # # # # # # # # # # # # # # # # # # # # # # # # # # # # # # # # # # # # # # # # # # # # # # # # # # # # # # # # # # # # # # # # # # # # # # # # # # # # # # # # # # # # # # # # # # # # # # # # # # # # # # # # # # # # # # # # # # # # # # # # # # # # # # # # # # # # # # # # # # # # # # # # # # #,# # # # # # # # # # # # # # # H H H H H # # # # # # # # # # # # # # # # # # # # H H H H H H H H H H # # H H H H H H H H H H H H H H # # H H H H H H H H H H H # # # # # H H H H H H H H H H H H H H # H H H H H H H H H H H H H H H H H H H H H H H H H # # H H H H H H H H H H H H H H H # # # # S S S S # # # # # # H H H H H H H H H H H H H H H H H H # # # # # S S S S # # # # # H H H H H H H H H H H H H H H H H # # # H H H H H # # # # # H H H H H H H H H H H H H H H H # # # # # # # S S S S S # # # H H H H H H H H H # # # S S # # # # # H H H H H H # # # # # # S S S S # # # # # # # # # # # H H H H H H H H H H H H # # # # H H H H H # # # # H H H H H H H H H H H H H H # # # H H H H H H H # # # # H H H H H H # # # # # # # # # # H H H H H H H H H H H H # # # # S S H H H H H H H H # # # # # # # H H H H H H H H H H H H H # # # # # # # # # # S S # H H H H H H H H H H H H # # # H H H H H H H H H H H H H H H H # # # # # # # # # # # H H H H H H H H H H H H H H H H H H H H H H H # # # # H H H H H H H H H H H # # # # # # # # # # # # # # H H H H H H H H H H H H # # # # H H H H H H H H H H H H H H H H H # # # # # # # # H H H H H H H H H # # # # H H H H H H H H H H H H H # # S S S # # # # # S S S S S S # # # # # S S S S S S # # # # S S S S S # # # # # S S S S S # # # # # # S S S S S S # # # # # S S S S S S # # # S S S S S S # # # # # # # S S # # # S S S S # # # # # # # S S S S S # # # # # S S S S S # # # # # S S S S S # # # S S S S # # # S S S S S # # # # S S S S S S # H H H # S S S S S S # # # # # # # # # # # # # # S S S S S # # # S S S S S # # # # S S S S S # # # # # # S S S S # # # # # S S S S S # # S S S S S # # # S S S S S S # # # # # # S S S S S S # # # # # S S S S S S # # # # S S S S S H H H H H H # # # # # S S S S S S S S # # # S S S S S S S # # S S S S S # # S S S # # # # # S S S S # # # S S S S # # # # S S S # # # # # S S S # # # # S S # # # # S S S # # # # # S S S S # # # S S # # # # # # # S S S S S S # # S S S S S S # # # S S S S S S # # # # S S S S # # # # # S S # # # # S S # # # # # # S S # # # # # # # # # # S S S S S S # # # S S S S S # # # # S S S S # # # # # # # # # S S S S # # # # # # S S S S # # S S # # # # # # # # # # # # # S S # # # # # # S S S S # # # # # S S S S # #
V I P V A S P D P A L V N N P V V A A T E P S V V K I R S L A P R C Q K V L E G T G F V I S P D R V M T N A H V V A G S N N V T V Y A G D K P F E A T V V S Y D P S V D V A I L A V P H L P P P P L V F A A E P A K T G A D V V V L G Y P G G G N F T A T P A R I R E A I R L S G P D I Y G D P E P V T R D V Y T I R A D V E Q G D A G G P L I D L N G Q V L G V V F G A A I D D A E T G F V L T A G E V A G Q L A K I G A T Q P V G T G A C V S, # # # # # # # # # # # # # # # # # # # # # # # # # # # # # # # # # # # # # # # # # # # # # # # # # # # # # # # # # # # # # # # # # # # # # # # # # # # # # # # # # # # # # # # # # # # # # # # # # # # # # # # # # # # # # # # # # # # # # # # # # # # # # # # # # # # # # # # # # # # # # # # # # # # # # # # # # # # # # # # # # # # # # # # # # # # # # # # # # # # # # # # # # # # # # # # # # # # # # # # # ,# # # # # # # H H H H H H H H H H H H H H # # S S S S S S # # # # # # # # S S S S S S S S S # # S S S S S H H H H H # # # # S S S S # # # # S S S S S S S S # # # # # # S S S S S # # # # # # # # # # # # # # # # # # # # S S S S S S H H H H H # # S S S S S S S S S S S S S S # # # # # # # # # # # S S S S S S S S # # # H H H H H # # S S S # # # # # S S S S S S S S # # # # # # S S S S S S H H H H H H H H H H H H H H H # # # # # # # # #
M H K R P V P A K R Y D N V T I L F S G I V G F N A F C S K H A S G E G A M K I V N L L N D L Y T R F D T L T D S R K N P F V Y K V E T V C D K Y M T V S G L P E P C I H H A R S I C H L A L D M M E I A G Q V Q V D G E S V Q I T I G I H T G E V V T G V I G Q R M P R Y S L F G N T V N L T S R T E T T G E K G K I N V S E Y T Y R C L M S P E N S D P Q F H L E H R G P V S M K G K K E P M Q V W F L S R K N T G T E E T K Q D D D A E N L Y F Q, # # # # # # # # # # # # # # # # # # # # # # # # # # # # # # # # # # # # # # # # # # # # # # # # # # # # # # # # # # # # # # # # # # # # # # # # # # # # # # # # # # # # # # # # # # # # # # # # # # # # # # # # # # # # # # # # # # # # # # # # # # # # # # # # # # # # # # # # # # # # # # # # # # # # # # # # # # # # # # # # # # # # # # # # # # # # # # # # # # # # # # # # # # # # # # # # # # # # # # # # # # # # ,# # # # # # # # S S S S S S S S S S S S S # H H H H H H H H # # H H H H H H H H H H H H H H H H H H H H H H H H # # # # # # # S S S # # # # # # S S S S S # # # # # # # H H H H H H H H H H H H H H H H H H # # S S # # S S # # S S S S S S S S S S S S S S S # # # # # S S S S S H H H H H H H H H H H H H # # # # # S S S S H H H H H H H H # # # # # # # # S S S S S S S S S # # # # # # # # S S S S S S S S # # # # # # # # # # # # # # # # # # # #
M N V T S I A L R A E T W L L A A W H V K V P P M W L E A C I N W I Q E E N N N V N L S Q A Q M N K Q V F E Q W L L T D L R D L E H P L L P D G I L E I P K G E L N G F Y A L Q I N S L V D V S Q P A Y S Q I Q K L R G K N T T N D L V T A E A Q V T P K P W E A K P S R M L M L Q L T D G I V Q I Q G M E Y Q P I P I L H S D L P P G T K I L I Y G N I S F R L G V L L L K P E N V K V L G G E V D A L L E E Y A Q E K V L A R L I G E P D L V V S, # # # # # # # # # # # # # # # # # # # # # # # # # # # # # # # # # # # # # # # # # # # # # # # # # # # # # # # # # # # # # # # # # # # # # # # # # # # # # # # # # # # # # # # # # # # # # # # # # # # # # # # # # # # # # # # # # # # # # # # # # # # # # # # # # # # # # # # # # # # # # # # # # # # # # # # # # # # # # # # # # # # # # # # # # # # # # # # # # # # # # # # # # # # # # # # # # # # # # # # # # # # # # ,# # H H H H H H H H H H H H H H H H H # # # H H H H H H H H H H H H H H H H # # # # # H H H H H H H H H H H H H H H H H H H H H # # # # # # # # # # # # # S S S S # # # S S S S S S S S S S # # # H H H H H H H H H H # # # # H H H H H # # # # # # # # # # # # # # # # # # S S S S S S # # # # S S S S S S # # # # # # # # # # # # # # # S S S S # # # S S S S # # S S S S H H H # S S S S S # # H H H H H H H H H H H H H H H H H H # # # # # # # #
G E P D S L E V L V K T L D S Q T R T F I V G A Q M N V K E F K E H I A A S V S I P S E K Q R L I Y Q G R V L Q D D K K L Q E Y N V G G K V I H L V E R A P P Q T H L P S G A S S G, # # # # # # # # # # # # # # # # # # # # # # # # # # # # # # # # # # # # # # # # # # # # # # # # # # # # # # # # # # # # # # # # # # # # # # # # # # # # # # # # # # # # # ,# # # # S S S S S S S S # # # # S S S S S S S # # # H H H H H H H H H H H H H H # H H H # S S S S S # # S S # # # # # H H H H H H # # # S S S S S S S # # # # # # # # # # # # # # #
G S P R E S K L S K Q E G Q N Y G F F L R I E K D T D G H L I R V I E E G S P A E K A G L L D G D R V L R I N G V F V D K E E H A Q V V E L V R K S G N S V T L L V L D G D S Y E K A V K N Q V D L K E L D I A A C S L C, # # # # # # # # # # # # # # # # # # # # # # # # # # # # # # # # # # # # # # # # # # # # # # # # # # # # # # # # # # # # # # # # # # # # # # # # # # # # # # # # # # # # # # # # # # # # # # # # # H H H H H H H H H H H H H H H H H H,# # # S S S S S S # # # # # # # # # S S S # # # # # # # # S S S # # # # # H H H H H H # # # # # # S S S S S # # S S # # # # H H H H H H H H H H H H # # S S S S S S S H H H H H H H H H H H # # H H H H H # # # S S S S S
